{
  "train_loss": [
    0.8856733053525289,
    0.6603566718101501,
    0.516872674147288
  ],
  "train_acc": [
    57.98,
    71.55333333333333,
    78.86666666666666
  ],
  "val_loss": [
    0.7770403730074564,
    0.6207812467416127,
    0.591781145175298
  ],
  "val_acc": [
    64.26666666666667,
    73.76666666666667,
    75.33333333333333
  ]
}